{"coverage": 86.27450980392157, "raw_data": {"meta": {"version": "7.3.2", "timestamp": "2023-11-17T14:23:34.600579", "branch_coverage": false, "show_contexts": false}, "files": {"src/action.py": {"executed_lines": [1, 5, 6, 7, 8, 9, 11, 12, 13, 14, 15, 16, 17, 20, 21, 23, 25, 26, 28, 44, 45, 46, 47, 51, 52, 53, 54, 55, 60, 61, 62, 64, 65, 67, 69, 70, 71, 72, 73, 74, 77, 81, 83, 94, 96, 97, 98, 99, 100, 101, 102, 104, 119, 120, 122, 124, 131, 132, 135, 136, 137, 138, 139, 140, 141, 146, 159, 166, 173, 177, 178, 180, 184, 190, 191, 192, 194, 198, 199, 200, 201, 202, 203, 204, 205, 210, 217, 218, 219, 222, 224, 225, 226, 227, 228, 229], "summary": {"covered_lines": 94, "num_statements": 112, "percent_covered": 83.92857142857143, "percent_covered_display": "84", "missing_lines": 18, "excluded_lines": 0}, "missing_lines": [75, 76, 78, 134, 142, 143, 144, 150, 151, 152, 163, 164, 170, 171, 206, 209, 213, 216], "excluded_lines": []}, "src/amazon_dash.py": {"executed_lines": [1, 7, 8, 9, 10, 12, 13, 14, 16, 17, 19, 24, 25, 27, 29, 30, 31, 32, 33, 37, 38, 40, 42, 43, 45, 47, 49, 50, 51, 52, 55, 57, 59, 60, 61, 62, 65, 68, 70, 72, 73, 74, 75, 76, 85, 90, 91, 96, 98, 99, 101, 103, 104, 105, 108, 109, 110, 112, 114, 116, 118, 119, 120, 121, 124], "summary": {"covered_lines": 62, "num_statements": 68, "percent_covered": 91.17647058823529, "percent_covered_display": "91", "missing_lines": 6, "excluded_lines": 3}, "missing_lines": [78, 79, 80, 81, 82, 83], "excluded_lines": [124, 125, 126]}, "src/google_api.py": {"executed_lines": [1, 2, 3, 5, 6, 7, 9, 12, 13, 15, 17, 19, 20, 21, 23, 25, 26, 34, 35, 39, 41, 43, 45, 46, 48, 50, 52, 53, 54, 56, 62, 66], "summary": {"covered_lines": 30, "num_statements": 33, "percent_covered": 90.9090909090909, "percent_covered_display": "91", "missing_lines": 3, "excluded_lines": 0}, "missing_lines": [60, 64, 68], "excluded_lines": []}, "src/google_calendar.py": {"executed_lines": [1, 3, 4, 5, 6, 8, 10, 11, 16, 17, 19, 21, 22, 23, 25, 47, 49, 51, 53, 54, 55, 56, 58, 60, 72, 80, 87, 88, 90, 107, 108, 110, 111, 114, 115, 117, 118, 121, 123, 127, 129, 135, 139, 147, 149, 151, 153, 155, 157, 162, 188], "summary": {"covered_lines": 48, "num_statements": 74, "percent_covered": 64.86486486486487, "percent_covered_display": "65", "missing_lines": 26, "excluded_lines": 2}, "missing_lines": [34, 35, 36, 37, 38, 41, 42, 43, 44, 45, 116, 119, 164, 166, 167, 168, 171, 172, 173, 174, 176, 179, 180, 183, 184, 185], "excluded_lines": [188, 189]}, "src/google_sheet.py": {"executed_lines": [1, 3, 4, 6, 7, 9, 12, 13, 15, 23, 28, 29, 30, 31, 32, 34, 41, 42, 43, 44, 45, 46, 48, 50, 51, 52, 57, 66, 67, 77, 79, 80, 81, 86, 92, 93, 94, 97, 107, 108, 109, 110, 111, 112, 113, 115, 124, 127, 128, 129, 130, 131, 132, 133, 139, 144, 145, 150, 152, 155, 157, 162, 176, 178, 183, 196, 198, 213, 218, 220, 222, 246, 251, 253, 258, 269, 270, 272, 274, 277, 288], "summary": {"covered_lines": 78, "num_statements": 87, "percent_covered": 89.65517241379311, "percent_covered_display": "90", "missing_lines": 9, "excluded_lines": 2}, "missing_lines": [134, 136, 137, 279, 281, 282, 283, 284, 285], "excluded_lines": [288, 289]}, "src/httpget.py": {"executed_lines": [1, 3, 5, 8, 11, 15], "summary": {"covered_lines": 6, "num_statements": 9, "percent_covered": 66.66666666666667, "percent_covered_display": "67", "missing_lines": 3, "excluded_lines": 0}, "missing_lines": [13, 18, 19], "excluded_lines": []}, "src/ifttt.py": {"executed_lines": [1, 5, 6, 8, 9, 11, 14, 15, 17, 19, 20, 21, 23, 25, 26, 28, 30, 32, 33, 34, 40, 41, 42, 43, 46, 56], "summary": {"covered_lines": 23, "num_statements": 28, "percent_covered": 82.14285714285714, "percent_covered_display": "82", "missing_lines": 5, "excluded_lines": 2}, "missing_lines": [48, 50, 51, 52, 53], "excluded_lines": [56, 57]}, "src/models.py": {"executed_lines": [1, 3, 5, 8, 9, 11, 12, 13, 16, 17, 19, 20, 21, 24, 25, 27, 28, 29, 32, 35, 36, 38, 39, 43, 44, 45, 46, 49, 52, 53, 55, 56, 57, 58, 59, 60, 61, 62, 65, 66, 68, 69, 70, 71, 72, 73, 74, 77, 78, 80, 81, 82, 83, 84, 87, 88, 90, 91, 92, 93, 94, 96, 97, 99, 100, 101, 102, 103, 106, 107, 110, 111, 114, 115, 118, 119, 121, 122, 123, 124, 125, 126, 127, 128, 129, 132, 133], "summary": {"covered_lines": 76, "num_statements": 76, "percent_covered": 100.0, "percent_covered_display": "100", "missing_lines": 0, "excluded_lines": 0}, "missing_lines": [], "excluded_lines": []}, "src/openhab.py": {"executed_lines": [1, 6, 8, 10, 13, 14, 16, 18, 20, 23, 24, 25, 27, 28, 29, 30, 35, 37, 40, 41, 42, 43, 47, 49, 52], "summary": {"covered_lines": 23, "num_statements": 23, "percent_covered": 100.0, "percent_covered_display": "100", "missing_lines": 0, "excluded_lines": 0}, "missing_lines": [], "excluded_lines": []}}, "totals": {"covered_lines": 440, "num_statements": 510, "percent_covered": 86.27450980392157, "percent_covered_display": "86", "missing_lines": 70, "excluded_lines": 9}}, "coverage_path": "."}